<linker>
	<assembly fullname="UnityEngine">
		<type fullname="UnityEngine.Object" preserve="nothing"/>
		<type fullname="UnityEngine.Sprite" preserve="nothing"/>
		<type fullname="UnityEngine.Texture2D" preserve="nothing"/>
		<type fullname="UnityEditor.VFXManager" preserve="nothing"/>
		<type fullname="UnityEditor.PlayerSettings" preserve="nothing"/>
		<type fullname="UnityEngine.Material" preserve="nothing"/>
		<type fullname="UnityEngine.TextAsset" preserve="nothing"/>
		<type fullname="UnityEngine.Shader" preserve="nothing"/>
		<type fullname="UnityEditor.MonoScript" preserve="nothing"/>
		<type fullname="UnityEditor.AudioManager" preserve="nothing"/>
		<type fullname="UnityEditor.PhysicsManager" preserve="nothing"/>
		<type fullname="UnityEngine.Texture" preserve="nothing"/>
		<type fullname="UnityEditor.TimeManager" preserve="nothing"/>
		<type fullname="UnityEditor.InputManager" preserve="nothing"/>
		<type fullname="UnityEditor.TagManager" preserve="nothing"/>
		<type fullname="UnityEditor.MonoManager" preserve="nothing"/>
		<type fullname="UnityEngine.Rendering.GraphicsSettings" preserve="nothing"/>
		<type fullname="UnityEngine.QualitySettings" preserve="nothing"/>
		<type fullname="UnityEditor.Physics2DSettings" preserve="nothing"/>
		<type fullname="UnityEngine.AnimationClip" preserve="nothing"/>
		<type fullname="UnityEngine.MeshRenderer" preserve="nothing"/>
		<type fullname="UnityEngine.AudioBehaviour" preserve="nothing"/>
		<type fullname="UnityEngine.CapsuleCollider" preserve="nothing"/>
		<type fullname="UnityEngine.BoxCollider" preserve="nothing"/>
		<type fullname="UnityEngine.SphereCollider" preserve="nothing"/>
		<type fullname="UnityEngine.SpringJoint" preserve="nothing"/>
		<type fullname="UnityEngine.FixedJoint" preserve="nothing"/>
		<type fullname="UnityEngine.ConfigurableJoint" preserve="nothing"/>
		<type fullname="UnityEngine.Canvas" preserve="nothing"/>
		<type fullname="UnityEngine.RectTransform" preserve="nothing"/>
		<type fullname="UnityEngine.Animator" preserve="nothing"/>
		<type fullname="UnityEngine.RuntimeAnimatorController" preserve="nothing"/>
		<type fullname="UnityEngine.Motion" preserve="nothing"/>
		<type fullname="UnityEditor.Animations.AnimatorController" preserve="nothing"/>
		<type fullname="UnityEngine.LightmapSettings" preserve="nothing"/>
		<type fullname="UnityEngine.Renderer" preserve="nothing"/>
		<type fullname="UnityEngine.Behaviour" preserve="nothing"/>
		<type fullname="UnityEngine.MonoBehaviour" preserve="nothing"/>
		<type fullname="UnityEngine.Transform" preserve="nothing"/>
		<type fullname="UnityEngine.Component" preserve="nothing"/>
		<type fullname="UnityEngine.GameObject" preserve="nothing"/>
		<type fullname="UnityEngine.RenderSettings" preserve="nothing"/>
		<type fullname="UnityEngine.AudioClip" preserve="nothing"/>
		<type fullname="UnityEngine.Collider" preserve="nothing"/>
		<type fullname="UnityEngine.Rigidbody" preserve="nothing"/>
		<type fullname="UnityEngine.AudioSource" preserve="nothing"/>
		<type fullname="UnityEngine.AudioListener" preserve="nothing"/>
		<type fullname="UnityEngine.Joint" preserve="nothing"/>
		<type fullname="UnityEngine.Font" preserve="nothing"/>
		<type fullname="UnityEngine.CanvasRenderer" preserve="nothing"/>
		<type fullname="UnityEngine.Light" preserve="nothing"/>
		<type fullname="UnityEngine.Cubemap" preserve="nothing"/>
		<type fullname="UnityEngine.Camera" preserve="nothing"/>
		<type fullname="UnityEngine.LightProbes" preserve="nothing"/>
		<type fullname="UnityEngine.Mesh" preserve="nothing"/>
		<type fullname="UnityEngine.SpriteRenderer" preserve="nothing"/>
		<type fullname="UnityEngine.MeshFilter" preserve="nothing"/>
		<type fullname="UnityEngine.TextMesh" preserve="nothing"/>
	</assembly>
	<assembly fullname="Assembly-CSharp">
		<type fullname="ADS" preserve="nothing"/>
		<type fullname="Actif" preserve="nothing"/>
		<type fullname="AddForce" preserve="nothing"/>
		<type fullname="ChangeTheme" preserve="nothing"/>
		<type fullname="CodeStage.AdvancedFPSCounter.AFPSCounter" preserve="nothing"/>
		<type fullname="GunInfo" preserve="nothing"/>
		<type fullname="Launcher" preserve="nothing"/>
		<type fullname="Menu" preserve="nothing"/>
		<type fullname="MenuManager" preserve="nothing"/>
		<type fullname="OwnerShipTransfer" preserve="nothing"/>
		<type fullname="PlayerController" preserve="nothing"/>
		<type fullname="PlayerGroundCheck" preserve="nothing"/>
		<type fullname="PlayerListItem" preserve="nothing"/>
		<type fullname="PlayerManager" preserve="nothing"/>
		<type fullname="RoomListItem" preserve="nothing"/>
		<type fullname="RoomManager" preserve="nothing"/>
		<type fullname="SimpleControl" preserve="nothing"/>
		<type fullname="SimpleControl2" preserve="nothing"/>
		<type fullname="SingleShotGun" preserve="nothing"/>
		<type fullname="SliderMenuAnim" preserve="nothing"/>
		<type fullname="SphereRotationCopy" preserve="nothing"/>
		<type fullname="TestScript" preserve="nothing"/>
		<type fullname="TrailsFX.Demos.quay" preserve="nothing"/>
		<type fullname="TrailsFX.TrailEffect" preserve="nothing"/>
		<type fullname="UIController" preserve="nothing"/>
		<type fullname="Zoom" preserve="nothing"/>
		<type fullname="a" preserve="nothing"/>
		<type fullname="checkSpeed" preserve="nothing"/>
		<type fullname="music" preserve="nothing"/>
		<type fullname="quayImage" preserve="nothing"/>
		<type fullname="quayOb" preserve="nothing"/>
		<type fullname="requestOwner" preserve="nothing"/>
	</assembly>
	<assembly fullname="PhotonUnityNetworking">
		<type fullname="Photon.Pun.PhotonRigidbodyView" preserve="nothing"/>
		<type fullname="Photon.Pun.PhotonTransformView" preserve="nothing"/>
		<type fullname="Photon.Pun.PhotonTransformViewClassic" preserve="nothing"/>
		<type fullname="Photon.Pun.PhotonView" preserve="nothing"/>
		<type fullname="Photon.Pun.ServerSettings" preserve="nothing"/>
	</assembly>
	<assembly fullname="Unity.TextMeshPro">
		<type fullname="TMPro.TMP_FontAsset" preserve="nothing"/>
		<type fullname="TMPro.TMP_InputField" preserve="nothing"/>
		<type fullname="TMPro.TMP_Settings" preserve="nothing"/>
		<type fullname="TMPro.TMP_SpriteAsset" preserve="nothing"/>
		<type fullname="TMPro.TMP_StyleSheet" preserve="nothing"/>
		<type fullname="TMPro.TextMeshPro" preserve="nothing"/>
		<type fullname="TMPro.TextMeshProUGUI" preserve="nothing"/>
	</assembly>
	<assembly fullname="UnityEngine.Advertisements">
		<type fullname="UnityEngine.Advertisements.Placeholder" preserve="nothing"/>
		<type fullname="UnityEngine.Advertisements.Platform.Editor.BannerPlaceholder" preserve="nothing"/>
	</assembly>
	<assembly fullname="UnityEngine.UI">
		<type fullname="UnityEngine.EventSystems.EventSystem" preserve="nothing"/>
		<type fullname="UnityEngine.EventSystems.StandaloneInputModule" preserve="nothing"/>
		<type fullname="UnityEngine.UI.Button" preserve="nothing"/>
		<type fullname="UnityEngine.UI.CanvasScaler" preserve="nothing"/>
		<type fullname="UnityEngine.UI.GraphicRaycaster" preserve="nothing"/>
		<type fullname="UnityEngine.UI.Image" preserve="nothing"/>
		<type fullname="UnityEngine.UI.LayoutElement" preserve="nothing"/>
		<type fullname="UnityEngine.UI.RectMask2D" preserve="nothing"/>
		<type fullname="UnityEngine.UI.ScrollRect" preserve="nothing"/>
		<type fullname="UnityEngine.UI.Text" preserve="nothing"/>
		<type fullname="UnityEngine.UI.VerticalLayoutGroup" preserve="nothing"/>
	</assembly>
</linker>
