{"report":{"modules":[{"name":"AndroidJNI","dependencies":[]},{"name":"Animation","dependencies":[{"name":"AnimationClip","scenes":["Assets/Scenes/Menu.unity","Assets/Scenes/df.unity"],"dependencyType":0,"icon":null},{"name":"Animator","scenes":["Assets/Scenes/Menu.unity","Assets/Scenes/df.unity"],"dependencyType":0,"icon":null},{"name":"AnimatorController","scenes":["Assets/Scenes/Menu.unity","Assets/Scenes/df.unity"],"dependencyType":1,"icon":null},{"name":"AnimatorOverrideController","scenes":[],"dependencyType":0,"icon":null},{"name":"Motion","scenes":[],"dependencyType":1,"icon":null},{"name":"RuntimeAnimatorController","scenes":["Assets/Scenes/Menu.unity","Assets/Scenes/df.unity"],"dependencyType":0,"icon":null}]},{"name":"Audio","dependencies":[{"name":"AudioBehaviour","scenes":["Assets/Scenes/Menu.unity","Assets/Scenes/df.unity"],"dependencyType":0,"icon":null},{"name":"AudioClip","scenes":["Assets/Scenes/Menu.unity","Assets/Scenes/df.unity"],"dependencyType":0,"icon":null},{"name":"AudioListener","scenes":["Assets/Scenes/Menu.unity","Assets/Scenes/df.unity"],"dependencyType":0,"icon":null},{"name":"AudioManager","scenes":[],"dependencyType":1,"icon":null},{"name":"AudioSource","scenes":["Assets/Scenes/Menu.unity","Assets/Scenes/df.unity"],"dependencyType":0,"icon":null},{"name":"SampleClip","scenes":["Assets/Scenes/Menu.unity","Assets/Scenes/df.unity"],"dependencyType":1,"icon":null}]},{"name":"Core","dependencies":[{"name":"Behaviour","scenes":[],"dependencyType":1,"icon":null},{"name":"BuildSettings","scenes":[],"dependencyType":1,"icon":null},{"name":"Camera","scenes":["Assets/Scenes/Menu.unity","Assets/Scenes/df.unity"],"dependencyType":0,"icon":null},{"name":"Component","scenes":[],"dependencyType":1,"icon":null},{"name":"ComputeShader","scenes":[],"dependencyType":0,"icon":null},{"name":"Cubemap","scenes":["Assets/Scenes/Menu.unity","Assets/Scenes/df.unity"],"dependencyType":0,"icon":null},{"name":"CubemapArray","scenes":[],"dependencyType":0,"icon":null},{"name":"DelayedCallManager","scenes":[],"dependencyType":1,"icon":null},{"name":"EditorExtension","scenes":[],"dependencyType":1,"icon":null},{"name":"GameManager","scenes":[],"dependencyType":1,"icon":null},{"name":"GameObject","scenes":["Assets/Scenes/Menu.unity","Assets/Scenes/df.unity"],"dependencyType":0,"icon":null},{"name":"GlobalGameManager","scenes":[],"dependencyType":1,"icon":null},{"name":"GraphicsSettings","scenes":[],"dependencyType":0,"icon":null},{"name":"InputManager","scenes":[],"dependencyType":1,"icon":null},{"name":"LevelGameManager","scenes":[],"dependencyType":1,"icon":null},{"name":"Light","scenes":["Assets/Scenes/Menu.unity","Assets/Scenes/df.unity"],"dependencyType":0,"icon":null},{"name":"LightmapSettings","scenes":["Assets/Scenes/Menu.unity","Assets/Scenes/df.unity"],"dependencyType":0,"icon":null},{"name":"LightProbes","scenes":["Assets/Scenes/Menu.unity"],"dependencyType":0,"icon":null},{"name":"LowerResBlitTexture","scenes":[],"dependencyType":0,"icon":null},{"name":"Material","scenes":["Assets/Scenes/Menu.unity","Assets/Scenes/df.unity"],"dependencyType":0,"icon":null},{"name":"Mesh","scenes":["Assets/Scenes/Menu.unity","Assets/Scenes/df.unity"],"dependencyType":0,"icon":null},{"name":"MeshFilter","scenes":["Assets/Scenes/Menu.unity","Assets/Scenes/df.unity"],"dependencyType":0,"icon":null},{"name":"MeshRenderer","scenes":["Assets/Scenes/Menu.unity","Assets/Scenes/df.unity"],"dependencyType":0,"icon":null},{"name":"MonoBehaviour","scenes":["Assets/Scenes/Menu.unity","Assets/Scenes/df.unity"],"dependencyType":0,"icon":null},{"name":"MonoManager","scenes":[],"dependencyType":1,"icon":null},{"name":"MonoScript","scenes":["Assets/Scenes/Menu.unity","Assets/Scenes/df.unity"],"dependencyType":1,"icon":null},{"name":"NamedObject","scenes":[],"dependencyType":1,"icon":null},{"name":"Object","scenes":["Assets/Scenes/Menu.unity","Assets/Scenes/df.unity"],"dependencyType":0,"icon":null},{"name":"PlayerSettings","scenes":[],"dependencyType":1,"icon":null},{"name":"PreloadData","scenes":[],"dependencyType":0,"icon":null},{"name":"QualitySettings","scenes":[],"dependencyType":0,"icon":null},{"name":"RectTransform","scenes":["Assets/Scenes/Menu.unity","Assets/Scenes/df.unity"],"dependencyType":0,"icon":null},{"name":"ReflectionProbe","scenes":[],"dependencyType":0,"icon":null},{"name":"Renderer","scenes":[],"dependencyType":1,"icon":null},{"name":"RenderSettings","scenes":["Assets/Scenes/Menu.unity","Assets/Scenes/df.unity"],"dependencyType":0,"icon":null},{"name":"RenderTexture","scenes":[],"dependencyType":0,"icon":null},{"name":"ResourceManager","scenes":[],"dependencyType":1,"icon":null},{"name":"RuntimeInitializeOnLoadManager","scenes":[],"dependencyType":1,"icon":null},{"name":"ScriptMapper","scenes":[],"dependencyType":1,"icon":null},{"name":"Shader","scenes":["Assets/Scenes/Menu.unity","Assets/Scenes/df.unity"],"dependencyType":0,"icon":null},{"name":"SkinnedMeshRenderer","scenes":[],"dependencyType":0,"icon":null},{"name":"Sprite","scenes":["Assets/Scenes/Menu.unity","Assets/Scenes/df.unity"],"dependencyType":0,"icon":null},{"name":"SpriteAtlas","scenes":[],"dependencyType":0,"icon":null},{"name":"SpriteRenderer","scenes":["Assets/Scenes/Menu.unity","Assets/Scenes/df.unity"],"dependencyType":0,"icon":null},{"name":"TagManager","scenes":[],"dependencyType":1,"icon":null},{"name":"TextAsset","scenes":["Assets/Scenes/Menu.unity","Assets/Scenes/df.unity"],"dependencyType":0,"icon":null},{"name":"Texture","scenes":[],"dependencyType":1,"icon":null},{"name":"Texture2D","scenes":["Assets/Scenes/Menu.unity","Assets/Scenes/df.unity"],"dependencyType":0,"icon":null},{"name":"Texture2DArray","scenes":[],"dependencyType":0,"icon":null},{"name":"Texture3D","scenes":[],"dependencyType":0,"icon":null},{"name":"TimeManager","scenes":[],"dependencyType":1,"icon":null},{"name":"Transform","scenes":[],"dependencyType":1,"icon":null},{"name":"Required by AndroidJNI Module","scenes":[],"dependencyType":2,"icon":"package/com.unity.modules.androidjni"},{"name":"Required by Animation Module","scenes":[],"dependencyType":2,"icon":"package/com.unity.modules.animation"},{"name":"Required by Audio Module","scenes":[],"dependencyType":2,"icon":"package/com.unity.modules.audio"},{"name":"Required by GameCenter Module","scenes":[],"dependencyType":2,"icon":"package/com.unity.modules.gamecenter"},{"name":"Required by ImageConversion Module","scenes":[],"dependencyType":2,"icon":"package/com.unity.modules.imageconversion"},{"name":"Required by IMGUI Module","scenes":[],"dependencyType":2,"icon":"package/com.unity.modules.imgui"},{"name":"Required by InputLegacy Module","scenes":[],"dependencyType":2,"icon":"package/com.unity.modules.inputlegacy"},{"name":"Required by Physics Module","scenes":[],"dependencyType":2,"icon":"package/com.unity.modules.physics"},{"name":"Required by Physics2D Module","scenes":[],"dependencyType":2,"icon":"package/com.unity.modules.physics2d"},{"name":"Required by TextCore Module","scenes":[],"dependencyType":2,"icon":"package/com.unity.modules.textcore"},{"name":"Required by TextRendering Module","scenes":[],"dependencyType":2,"icon":"package/com.unity.modules.textrendering"},{"name":"Required by TLS Module","scenes":[],"dependencyType":2,"icon":"package/com.unity.modules.tls"},{"name":"Required by UI Module","scenes":[],"dependencyType":2,"icon":"package/com.unity.modules.ui"}]},{"name":"GameCenter","dependencies":[]},{"name":"ImageConversion","dependencies":[{"name":"Required by GameCenter Module","scenes":[],"dependencyType":2,"icon":"package/com.unity.modules.gamecenter"}]},{"name":"IMGUI","dependencies":[]},{"name":"InputLegacy","dependencies":[{"name":"Required by IMGUI Module","scenes":[],"dependencyType":2,"icon":"package/com.unity.modules.imgui"}]},{"name":"Physics","dependencies":[{"name":"BoxCollider","scenes":["Assets/Scenes/Menu.unity","Assets/Scenes/df.unity"],"dependencyType":0,"icon":null},{"name":"CapsuleCollider","scenes":["Assets/Scenes/Menu.unity","Assets/Scenes/df.unity"],"dependencyType":0,"icon":null},{"name":"Collider","scenes":[],"dependencyType":1,"icon":null},{"name":"ConfigurableJoint","scenes":["Assets/Scenes/Menu.unity","Assets/Scenes/df.unity"],"dependencyType":0,"icon":null},{"name":"FixedJoint","scenes":["Assets/Scenes/Menu.unity","Assets/Scenes/df.unity"],"dependencyType":0,"icon":null},{"name":"Joint","scenes":[],"dependencyType":1,"icon":null},{"name":"MeshCollider","scenes":[],"dependencyType":0,"icon":null},{"name":"PhysicsManager","scenes":[],"dependencyType":1,"icon":null},{"name":"Rigidbody","scenes":["Assets/Scenes/Menu.unity","Assets/Scenes/df.unity"],"dependencyType":0,"icon":null},{"name":"SphereCollider","scenes":["Assets/Scenes/Menu.unity","Assets/Scenes/df.unity"],"dependencyType":0,"icon":null},{"name":"SpringJoint","scenes":["Assets/Scenes/Menu.unity","Assets/Scenes/df.unity"],"dependencyType":0,"icon":null}]},{"name":"Physics2D","dependencies":[{"name":"Physics2DSettings","scenes":[],"dependencyType":1,"icon":null},{"name":"Rigidbody2D","scenes":[],"dependencyType":0,"icon":null}]},{"name":"SharedInternals","dependencies":[{"name":"Required by AndroidJNI Module","scenes":[],"dependencyType":2,"icon":"package/com.unity.modules.androidjni"},{"name":"Required by Animation Module","scenes":[],"dependencyType":2,"icon":"package/com.unity.modules.animation"},{"name":"Required by Audio Module","scenes":[],"dependencyType":2,"icon":"package/com.unity.modules.audio"},{"name":"Required by Core Module","scenes":[],"dependencyType":2,"icon":"package/com.unity.modules.core"},{"name":"Required by GameCenter Module","scenes":[],"dependencyType":2,"icon":"package/com.unity.modules.gamecenter"},{"name":"Required by ImageConversion Module","scenes":[],"dependencyType":2,"icon":"package/com.unity.modules.imageconversion"},{"name":"Required by IMGUI Module","scenes":[],"dependencyType":2,"icon":"package/com.unity.modules.imgui"},{"name":"Required by InputLegacy Module","scenes":[],"dependencyType":2,"icon":"package/com.unity.modules.inputlegacy"},{"name":"Required by Physics Module","scenes":[],"dependencyType":2,"icon":"package/com.unity.modules.physics"},{"name":"Required by Physics2D Module","scenes":[],"dependencyType":2,"icon":"package/com.unity.modules.physics2d"},{"name":"Required by TextCore Module","scenes":[],"dependencyType":2,"icon":"package/com.unity.modules.textcore"},{"name":"Required by TextRendering Module","scenes":[],"dependencyType":2,"icon":"package/com.unity.modules.textrendering"},{"name":"Required by TLS Module","scenes":[],"dependencyType":2,"icon":"package/com.unity.modules.tls"},{"name":"Required by UI Module","scenes":[],"dependencyType":2,"icon":"package/com.unity.modules.ui"}]},{"name":"TextCore","dependencies":[]},{"name":"TextRendering","dependencies":[{"name":"Font","scenes":["Assets/Scenes/Menu.unity","Assets/Scenes/df.unity"],"dependencyType":0,"icon":null},{"name":"TextMesh","scenes":["Assets/Scenes/df.unity"],"dependencyType":0,"icon":null},{"name":"Required by IMGUI Module","scenes":[],"dependencyType":2,"icon":"package/com.unity.modules.imgui"},{"name":"Required by TextCore Module","scenes":[],"dependencyType":2,"icon":"package/com.unity.modules.textcore"},{"name":"Required by UI Module","scenes":[],"dependencyType":2,"icon":"package/com.unity.modules.ui"}]},{"name":"TLS","dependencies":[]},{"name":"UI","dependencies":[{"name":"Canvas","scenes":["Assets/Scenes/Menu.unity","Assets/Scenes/df.unity"],"dependencyType":0,"icon":null},{"name":"CanvasGroup","scenes":[],"dependencyType":0,"icon":null},{"name":"CanvasRenderer","scenes":["Assets/Scenes/Menu.unity","Assets/Scenes/df.unity"],"dependencyType":0,"icon":null}]}]}}